<?xml version="1.0" encoding="UTF-8" standalone="yes"?>
<addon id="repository.kodiwizard" name="Kodi Wizard" version="2.1" provider-name="">
	<extension point="xbmc.addon.repository" name="Kodi Wizard">
	<dir>
		<info compressed="false">https://raw.githubusercontent.com/totalrevolution/python-koding/master/zips/addons.xml</info>
		<checksum>https://raw.githubusercontent.com/totalrevolution/python-koding/master/zips/addons.xml.md5</checksum>
		<datadir zip="true">https://raw.githubusercontent.com/totalrevolution/python-koding/master/zips/</datadir>
	</dir>
		
	<dir>
		<info compressed="false">https://raw.githubusercontent.com/kodiwizard/repository.kodiwizard/master/zips/addons.xml</info>
		<checksum>https://raw.githubusercontent.com/kodiwizard/repository.kodiwizard/master/zips/addons.xml.md5</checksum>
		<datadir zip="true">https://raw.githubusercontent.com/kodiwizard/repository.kodiwizard/master/zips/</datadir>
    </dir>

	<dir>
		<info compressed="false">https://raw.githubusercontent.com/noobsandnerds/modules4all/master/zips/addons.xml</info>
		<checksum>https://raw.githubusercontent.com/noobsandnerds/modules4all/master/zips/addons.xml.md5</checksum>
		<datadir zip="true">https://raw.githubusercontent.com/noobsandnerds/modules4all/master/zips/</datadir>
	</dir>
	
	<dir>
		<info compressed="false">http://teamuniversal.xyz/modules4all/addons.xml</info>
		<checksum>http://teamuniversal.xyz/modules4all/addons.xml.md5</checksum>
		<datadir zip="true">http://teamuniversal.xyz/modules4all/</datadir>
	</dir>
	
	
	<dir>
		<info compressed="false">https://raw.githubusercontent.com/jsergio123/zips/master/addons.xml</info>
		<checksum>https://raw.githubusercontent.com/jsergio123/zips/master/addons.xml.md5</checksum>
		<datadir zip="true">https://raw.githubusercontent.com/jsergio123/zips/master/</datadir>
	</dir>
	</extension>
	<extension point="xbmc.addon.metadata">
		<summary lang="en">Kodi Wizard Builds</summary>
		<description lang="en">Kodi Wizard Builds</description>
		<genre></genre>
	</extension>
</addon>