<?xml version="1.0" encoding="UTF-8" standalone="yes"?>
<addon id="plugin.video.matt3756" name="Matt3756" version="2.3" provider-name="">
    <requires>
        <import addon="xbmc.python" version="2.25.0"/>
        <import addon="script.module.routing" version="0.2.0"/>
        <import addon="script.module.requests" version="2.12.4"/>
        <import addon="plugin.video.youtube"/>
    </requires>
    <extension point="xbmc.python.pluginsource" library="qazwsxedc.py">
        <provides>video</provides>
    </extension>
    <extension point="xbmc.addon.metadata">
        <summary lang="en_GB">Matt3756 Youtube</summary>
        <description lang="en_GB">Hey it's Matt3756, welcome to my claw machine and arcade channel! Here we play arcade games, claw machines, coin pushers, carnival games + more! I also show you how these arcade games work and how to win at some of them! Whether it's tickets, money or claw machine plush, I'm always in it to win the jackpot! No need for hacks or cheats as I just use my skill to come out a winner at these arcade games! It all started with the claw machine and expanded from there - hope to enjoy what is to come from my arcade channel! 
		</description>
        <language>en pt</language>
        <platform>all</platform>
        <license>GPL-3.0</license>
        <news></news>
        <disclaimer>The author of this add-on is in no way affiliated with Matt3756 Youtuber</disclaimer>
        <assets>
        <icon>resources/images/icon.png</icon>
        <fanart>resources/images/fanart.jpg</fanart>
        </assets>
    </extension>
</addon>
