<?xml version="1.0" encoding="UTF-8" standalone="yes"?>
<addon id="plugin.video.thewiggles" name="[COLOR white]The Wiggles[/COLOR]" version="2.3" provider-name="">
	<requires>
		<import addon="xbmc.python" version="2.1.0" />
		<import addon="script.module.pyxbmct" version="1.1.4" />
		<import addon="script.module.urlresolver" version="3.0.0"/>
		<import addon="script.module.liveresolver" version="0.1.24"/>
		<import addon="plugin.video.youtube" optional="true" />
	</requires>
	<extension point="xbmc.python.pluginsource" library="default.py">
		<provides>video</provides>
	</extension>
	<extension point="xbmc.addon.metadata">
		<summary lang="en">The Wiggles</summary>
		<description lang="en"> Non offical The Wiggles - Kids addon Watch all your Favourite wiggles videos concerts, songs ,Doc etc 
		</description>
		<platform>all</platform>
	</extension>
</addon>

