<?xml version="1.0" encoding="UTF-8" standalone="yes"?>
<addon id="plugin.video.pft" name="Press For Truth" version="5.3" provider-name="">
	<requires>
		<import addon="xbmc.python" version="2.19.0" />
		<import addon="script.module.nanscrapers" version="0.5.5" />
        <import addon="script.module.python.koding.aio" version="0.0.1"/>
	</requires>
	<extension point="xbmc.python.pluginsource" library="default.py">
		<provides>video</provides>
	</extension>
	<extension point="xbmc.addon.metadata">
		<summary lang="en">Press For Truth</summary>
		<description lang="en">Press For Truth - Smashing The Pyramid One Brick At A Time!</description>
		<platform>all</platform>
		<website>https://pressfortruth.ca/</website>
		<news></news>
		<genre>documentary</genre>
		<video_guide></video_guide>
		<video_preview></video_preview>
	</extension>
</addon>
