<?xml version="1.0" encoding="UTF-8" standalone="yes"?>
<addon id="plugin.video.christmas01010"
       name="Christmas Zone"
       version="1.1"
       provider-name="">
  <requires>
    <import addon="xbmc.python" version="2.1.0"/>
	<import addon="script.module.t0mm0.common" version="2.0.0"/>
    <import addon="script.module.beautifulsoup" version="3.2.1"/>
    <import addon="script.module.simple.downloader" version="0.9.4"/>
    <import addon="script.module.beautifulsoup4" />
    <import addon="script.module.requests" />
    <import addon="script.module.httplib2" />
    <import addon="script.module.youtube.dl" optional="true"/>
    <import addon="plugin.video.youtube" version="3.0.0"/>
    <import addon="script.module.urlresolver" />
    <import addon="script.module.simplejson" /> 
    <import addon="script.common.plugin.cache" version="2.5.2"/>
    <import addon="script.module.metahandler" version="2.5.1"/>
	<import addon="script.module.resolveurl" version="5.0.00"/>
	
  </requires>
  <extension point="xbmc.python.pluginsource" library="default.py">
    <provides>video</provides>
  </extension>
  <extension point="xbmc.addon.metadata">
    <summary lang="en">Christmas</summary>
    <description lang="en">[COLORblue]This Is A 3rd Party Add On And Is Not Linked To Kodi In Any Way. All The Content We Provide Is Freely Available On The Internet. We Do Not Store Any Content Ourselves.[/COLOR]</description>
    <platform>all</platform>
  </extension>
</addon>
