<?xml version="1.0" encoding="UTF-8" standalone="yes"?>
<addon id="repository.kodiwizard" name="Kodi Wizard" version="0.0.1" provider-name="Kodi Wizard">
	<extension point="xbmc.addon.repository" name="Kodi Wizard">
		<dir>
			<info compressed="false">https://raw.githubusercontent.com/totalrevolution/python-koding/master/zips/addons.xml</info>
			<checksum>https://raw.githubusercontent.com/totalrevolution/python-koding/master/zips/addons.xml.md5</checksum>
			<datadir zip="true">https://raw.githubusercontent.com/totalrevolution/python-koding/master/zips/</datadir>
		</dir>
		<info compressed="false">https://raw.githubusercontent.com/kodiwizard/repository.kodiwizard/master/zips/addons.xml</info>
		<checksum>https://raw.githubusercontent.com/kodiwizard/repository.kodiwizard/master/zips/addons.xml.md5</checksum>
		<datadir zip="true">https://raw.githubusercontent.com/kodiwizard/repository.kodiwizard/master/zips/</datadir>
	</extension>
	<extension point="xbmc.addon.metadata">
		<summary lang="en">Kodi Wizard Builds</summary>
		<description lang="en">Kodi Wizard Builds</description>
		<genre></genre>
	</extension>
</addon>