<?xml version="1.0" encoding="UTF-8" standalone="yes"?>
<addon id="plugin.program.kodiwizard" name="Team Wizard" version="3.1" provider-name="">
  <requires>
    <import addon="xbmc.python" version="2.1.0"/>
  </requires>
  <extension point="xbmc.python.pluginsource" library="default.py">
    <provides>executable</provides>
  </extension>
  <extension point="xbmc.service" library="startup.py" start="startup" />
  <extension point="xbmc.addon.metadata">
    <summary lang="en">Hello</summary>
    <description lang="en">Get access to Kodi Builds.</description>
    <platform>all</platform>
  </extension>
</addon>