<?xml version="1.0" encoding="UTF-8" standalone="yes"?>
<addon id="plugin.video.kidsyoutube" name="Youtube Kids" version="3.0" provider-name="Team X">
	<requires>
		<import addon="xbmc.python" version="2.19.0" />
		<import addon="script.module.nanscrapers" version="0.5.5" />
        <import addon="script.module.python.koding.aio" version="0.0.1"/>
	</requires>
	<extension point="xbmc.python.pluginsource" library="default.py">
		<provides>video</provides>
	</extension>
	<extension point="xbmc.addon.metadata">
		<summary lang="en">Kids Youtube Videos</summary>
		<description lang="en">Get Access to Loads of Kids Content from Youtube </description>
		<disclaimer lang="en">Third party unoffical Kodi Addon not made or endorsed by Youtube</disclaimer>
		<platform>all</platform>
	</extension>
</addon>
