<?xml version="1.0" encoding="UTF-8" standalone="yes"?>
<addon id="plugin.video.nelkfilmz" name="NELK" version="3.1" provider-name="">
	<requires>
		<import addon="xbmc.python" version="2.19.0" />
		<import addon="script.module.nanscrapers" version="0.5.5" />
        <import addon="script.module.python.koding.aio" version="0.0.1"/>
	</requires>
	<extension point="xbmc.python.pluginsource" library="default.py">
		<provides>video</provides>
	</extension>
	<extension point="xbmc.addon.metadata">
		<summary lang="en">Nelkfilmz</summary>
		<description lang="en">NELK Youtube Channel We prank people sometimes..   Toronto, Canada</description>
	    <disclaimer lang="en">Thrid party unoffical NELK Addon not made or Endorsed by NELK</disclaimer>
		<platform>all</platform>
	</extension>
</addon>
