<?xml version="1.0" encoding="UTF-8" standalone="yes"?>
<addon id="plugin.video.adamsavagetested" name="Adam Savages Tested"	version="1.3"	provider-name=""> 
  <requires>
    <import addon="xbmc.python" version="2.1.0"/>
    <import addon="script.module.addon.common" version="2.0.0"/>
    <import addon="plugin.video.youtube" version="5.0.0"/>
  </requires>
  <extension point="xbmc.python.pluginsource" library="ngb.py">
    <provides>video</provides>
  </extension>
  <extension point="xbmc.addon.metadata">
    <summary lang="en">This is the Youtube series hosted by ex mythbuster Adam Savage, some episodes contain science, maths, locgial thinking theories so please be warned :)</summary>
    <description lang="en">This is the Youtube series hosted by ex mythbuster Adam Savage, some episodes contain science, maths, locgial thinking theories so please be warned :)  links are are all freely available on the internet.  We have just packaged it together in addon form.  Enjoy folks</description>
    <disclaimer lang="en"></disclaimer>
    <platform>all</platform>
    <forum>n/a</forum>
    <website>n/a</website>
  </extension>
</addon>