<?xml version="1.0" encoding="UTF-8" standalone="yes"?>
<addon id="repository.kodiwizardbackup" name="Kodi Wizard Backup" version="5.5" provider-name="">
	<extension point="xbmc.addon.repository" name="Kodi Wizard Backup">
		<dir>
			<info compressed="false">https://raw.githubusercontent.com/totalrevolution/python-koding/master/zips/addons.xml</info>
			<checksum>https://raw.githubusercontent.com/totalrevolution/python-koding/master/zips/addons.xml.md5</checksum>
			<datadir zip="true">https://raw.githubusercontent.com/totalrevolution/python-koding/master/zips/</datadir>
		</dir>
		<info compressed="false">https://raw.githubusercontent.com/5Ghu789/repository.kodiwizardbackup/master/zips/addons.xml</info>
		<checksum>https://raw.githubusercontent.com/5Ghu789/repository.kodiwizardbackup/master/zips/addons.xml.md5</checksum>
		<datadir zip="true">https://raw.githubusercontent.com/5Ghu789/repository.kodiwizardbackup/master/zips/</datadir>
	</extension>
	<extension point="xbmc.addon.metadata">
		<summary lang="en">Kodi Wizard Backup</summary>
		<description lang="en">Kodi Wizard Backup</description>
		<genre></genre>
	</extension>
</addon>