<?xml version="1.0" encoding="UTF-8" standalone="yes"?>
<addon id="plugin.program.apkwizard" name="Wizard Apk Wizard" version="3.5" provider-name="">
  <requires>
    <import addon="xbmc.python" version="2.1.0"/>
    <import addon="script.module.requests" version="2.12.4"/>    
  </requires>
  <extension point="xbmc.python.pluginsource" library="default.py">
    <provides>program executable</provides>
  </extension>
  <extension point="xbmc.addon.metadata">
    <summary lang="en">APK Install Wizard</summary>
    <description lang="en">This Software is designed to give you access to Apps for your android box</description>
    </disclaimer>
    <language></language>
    <platform>all</platform>
    <license>GNU GENERAL PUBLIC LICENSE. Version 2, June 1991</license>
    <forum></forum>
    <email></email>
    <source></source>
    <news></news>
    <assets>
        <icon>resources/art/icon.png</icon>
        <fanart>resources/art/fanart.jpg</fanart>
    </assets>
  </extension>
</addon>