<?xml version="1.0" encoding="UTF-8" standalone="yes"?>
<addon id="plugin.video.nz.freeview" name="IPTV NZ" provider-name="MattHuisman.nz" version="0.5.0" commit="de9ad1a">
  <requires>
    <import addon="repository.matthuisman"/>
  </requires>
  <extension point="xbmc.python.pluginsource" library="default.py" provides="video">
    <provides>video</provides>
  </extension>
  <extension point="xbmc.addon.metadata">
    <description lang="en">Easily watch your favourite NZ IPTV streams</description>
    <license>GNU General Public License, v2</license>
    <language/>
    <website>https://www.matthuisman.nz/2017/06/nz-freeview-kodi-add-on.html</website>
    <news>0.6.0 #de9ad1a (02/07/2018)
- Remove use_file</news>
  </extension>
</addon>
