<?xml version="1.0" encoding="UTF-8" standalone="yes"?>
<addon id="plugin.video.listloader322" name="List Loader" version="1.1" provider-name="">
  <requires>
    <import addon="xbmc.python" version="2.1.0"/>
    <import addon="service.byelightbox"/>
  </requires>
  <extension point="xbmc.python.pluginsource" library="default.py">
        <provides>video</provides>
  </extension>
  <extension point="xbmc.addon.metadata">
    <summary lang="en">Add custom lists</summary>
    <description lang="en">Add Custom Lists</description>
    <platform>all</platform>
  </extension>
</addon>
