
  <item>
  <title>Golf Channel</title>
  <link>http://tvegolf-i.Akamaihd.net/hls/live/218225/golfx/4296k/prog.m3u8|X-Forwarded-For=209.239.112.104</link>
  <thumbnail></thumbnail>
</item>

<dir>
<name>Live Streams / 24/7</name>
<link>https://github.com/tdbnz123/Community-Playlist-new/raw/master/live/live-streams/menu.xml</link>
<thumbnail>https://s16.postimg.org/49rumcxpx/live.png</thumbnail>
</dir>



<dir>
<name>TV LAND</name>
<link>https://github.com/tdbnz123/Community-Playlist-new/raw/master/TVLand/TVland-files/menu/menu.xml</link>
<thumbnail>https://lh4.googleusercontent.com/-WRDPFhZuCY0/AAAAAAAAAAI/AAAAAAAAC6Y/wHgu9b0Op9g/s0-c-k-no-ns/photo.jpg</thumbnail>
</dir>

<dir>
<name>Movies</name>
<link>https://github.com/tdbnz123/Community-Playlist-new/raw/master/movies/menu.xml</link>
<animated_thumbnail>http://www.torneigiovanili.com/images/icons/movie.png</animated_thumbnail>
<thumbnail>http://www.torneigiovanili.com/images/icons/movie.png</thumbnail>
</dir>


<dir>
<name>TV Shows</name>
<link>https://github.com/tdbnz123/Community-Playlist-new/raw/master/TV%20Shows/Menu/menu.xml</link>
<animated_thumbnail>http://www.bonethefish.com/design_files/icons/tvs.png</animated_thumbnail>
<thumbnail>http://www.bonethefish.com/design_files/icons/tvs.png</thumbnail>
</dir>



<dir>
<name>Kingdom Streams</name>
<link>https://github.com/tdbnz123/Community-Playlist-new/raw/master/Playlisters/matt/menu/menu.xml</link>
<animated_thumbnail>https://www.creativefan.com/important/cf/2012/01/tattoo-script/kingdomhearts.jpg</animated_thumbnail>
<thumbnail>https://pbs.twimg.com/profile_images/905331703287136256/ELZtOw_O_400x400.jpg</thumbnail>
</dir>


<dir>
<name>Simply Caz</name>
<link>https://github.com/tdbnz123/Community-Playlist-new/raw/master/Playlisters/simplycaz/menu.xml</link>
<animated_thumbnail>https://yt3.ggpht.com/-swGWsXGqbbA/AAAAAAAAAAI/AAAAAAAAAAA/GnwcHOLcYfo/s176-c-k-no-mo-rj-c0xffffff/photo.jpg</animated_thumbnail>
<thumbnail>https://yt3.ggpht.com/-swGWsXGqbbA/AAAAAAAAAAI/AAAAAAAAAAA/GnwcHOLcYfo/s176-c-k-no-mo-rj-c0xffffff/photo.jpg</thumbnail>
</dir>
</xml>
