<?xml version="1.0" encoding="UTF-8" standalone="yes"?>
<addon id="plugin.video.tab.nz" name="TAB" provider-name="MattHuisman.nz" version="0.3.1">
  <requires>
    <import addon="xbmc.python" version="2.1.0"/>
    <import addon="script.module.requests"/>
  </requires>
  <extension point="xbmc.python.pluginsource" library="default.py" provides="video">
    <provides>video</provides>
  </extension>
  <extension point="xbmc.addon.metadata">
    <description lang="en">Watch Trackside and more! Requires a valid TAB New Zealand login.</description>
    <reuselanguageinvoker>true</reuselanguageinvoker>
    <license></license>
    <language></language>
    <website>https://www.matthuisman.nz/2019/01/tab-nz-kodi-add-on.html</website>
    <news>Add InputStream HLS option</news>
  </extension>
</addon>