<?xml version="1.0" encoding="UTF-8" standalone="yes"?>
<addon id="plugin.video.au.freeview" name="IPTV AU" provider-name="MattHuisman.nz" version="0.10.0">
  <requires>
    <import addon="xbmc.python" version="2.1.0"/>
    <import addon="script.module.requests"/>
    <import addon="repository.matthuisman"/>
  </requires>
  <extension point="xbmc.python.pluginsource" library="default.py" provides="video">
    <provides>video</provides>
  </extension>
  <extension point="xbmc.addon.metadata">
    <description lang="en">Watch all your favourite AU IPTV streams!
You can change the region (default = Sydney) in the addon settings.</description>
    <reuselanguageinvoker>true</reuselanguageinvoker>
    <license>GNU General Public License, v2</license>
    <language/>
    <website>https://www.matthuisman.nz/2017/08/au-freeview-kodi-add-on.html</website>
    <news>0.10.0 #612cf76 (21/12/2018)
- Update common
- Remove local cache due to now using CF online cache</news>
  </extension>
</addon>
