<?xml version="1.0" encoding="UTF-8" standalone="yes"?>
<addon id="plugin.video.allblacks" name="All Blacks" version="2.1" provider-name="">
    <requires>
        <import addon="xbmc.python" version="2.25.0"/>
        <import addon="script.module.routing" version="0.2.0"/>
        <import addon="script.module.requests" version="2.12.4"/>
        <import addon="plugin.video.youtube"/>
    </requires>
    <extension point="xbmc.python.pluginsource" library="allblacks.py">
        <provides>video</provides>
    </extension>
    <extension point="xbmc.addon.metadata">
        <summary lang="en_GB">All Blacks</summary>
        <description lang="en_GB">Official YouTube channel for The All Blacks New Zealand Rugby Team</description>
        <language>en pt</language>
        <platform>all</platform>
        <license>GPL-3.0</license>
        <news></news>
        <disclaimer>This Addon is a 3rd party addon not made or endorsed by The All Blacks</disclaimer>
        <assets>
        <icon>resources/images/icon.png</icon>
        <fanart>resources/images/fanart.jpg</fanart>
        </assets>
    </extension>
</addon>
